{
  "convention": "Blender",
  "vertices": [
    [
      0.0,
      0.0,
      0.2
    ],
    [
      -0.2,
      0.2,
      -0.1
    ],
    [
      0.19999999999999996,
      0.2,
      -0.1
    ],
    [
      0.0,
      0.0,
      0.2
    ],
    [
      0.19999999999999996,
      -0.2,
      -0.1
    ],
    [
      0.19999999999999996,
      0.2,
      -0.1
    ],
    [
      0.0,
      0.0,
      0.2
    ],
    [
      -0.2,
      -0.2,
      -0.1
    ],
    [
      0.19999999999999996,
      -0.2,
      -0.1
    ],
    [
      0.0,
      0.0,
      0.2
    ],
    [
      -0.2,
      -0.2,
      -0.1
    ],
    [
      -0.2,
      0.2,
      -0.1
    ],
    [
      -0.2,
      0.2,
      -0.1
    ],
    [
      0.19999999999999996,
      0.2,
      -0.1
    ],
    [
      0.19999999999999996,
      -0.2,
      -0.1
    ],
    [
      -0.2,
      -0.2,
      -0.1
    ],
    [
      -0.2,
      0.2,
      -0.1
    ],
    [
      0.19999999999999996,
      -0.2,
      -0.1
    ]
  ],
  "faces": [
    [
      0,
      1,
      2
    ],
    [
      3,
      4,
      5
    ],
    [
      6,
      7,
      8
    ],
    [
      9,
      10,
      11
    ],
    [
      12,
      13,
      14
    ],
    [
      15,
      16,
      17
    ]
  ],
  "vertex_colors": [
    [
      255,
      0,
      0
    ],
    [
      255,
      0,
      0
    ],
    [
      255,
      0,
      0
    ],
    [
      0,
      255,
      0
    ],
    [
      0,
      255,
      0
    ],
    [
      0,
      255,
      0
    ],
    [
      0,
      0,
      255
    ],
    [
      0,
      0,
      255
    ],
    [
      0,
      0,
      255
    ],
    [
      255,
      255,
      0
    ],
    [
      255,
      255,
      0
    ],
    [
      255,
      255,
      0
    ],
    [
      255,
      255,
      255
    ],
    [
      255,
      255,
      255
    ],
    [
      255,
      255,
      255
    ],
    [
      255,
      255,
      255
    ],
    [
      255,
      255,
      255
    ],
    [
      255,
      255,
      255
    ]
  ]
}