{
  "fhat": 2.5522328517086192,
  "T": [
    [
      0.68927401304245,
      -0.02129507064819336,
      -0.7241878509521484,
      0.019747726619243622
    ],
    [
      0.1794961541891098,
      -0.9633856415748596,
      0.1991712599992752,
      -0.00862857699394226
    ],
    [
      -0.7019135355949402,
      -0.2672724723815918,
      -0.6602142453193665,
      1.1254487037658691
    ],
    [
      0.0,
      0.0,
      0.0,
      1.0
    ]
  ],
  "aspect_ratio": 0.685785536159601,
  "convention": "NerSemble"
}