{
  "fhat": 2.5522328517086192,
  "T": [
    [
      0.7241877379920385,
      0.1991712501383229,
      -0.6602142449700055,
      -0.7590568921469283
    ],
    [
      0.6892738577721406,
      -0.1794961523492378,
      0.7019134807140007,
      0.7779048216869477
    ],
    [
      0.02129508341557992,
      -0.9633856911119116,
      -0.2672724839254242,
      -0.2929093524611562
    ],
    [
      0.0,
      0.0,
      0.0,
      1.0
    ]
  ],
  "aspect_ratio": 0.685785536159601,
  "convention": "Blender"
}