{
  "fhat": 3.2654622395833335,
  "T": [
    [
      0.8939381099999999,
      0.06516056,
      0.44342842,
      0.7002603881
    ],
    [
      0.44548106,
      -0.020557379999999997,
      -0.8950553200000001,
      -1.4797802214999998
    ],
    [
      -0.04920657999999999,
      0.99766302,
      -0.04740481999999999,
      -0.14007912439999998
    ],
    [
      0.0,
      0.0,
      0.0,
      1.0
    ]
  ],
  "aspect_ratio": 0.52734375,
  "convention": "Blender"
}