{
  "fhat": 1.3888888888888888,
  "T": [
    [
      -0.7071067811865476,
      0.0,
      0.7071067811865476,
      1.0
    ],
    [
      0.7071067811865476,
      0.0,
      0.7071067811865476,
      1.0
    ],
    [
      0.0,
      1.0,
      0.0,
      0.0
    ],
    [
      0.0,
      0.0,
      0.0,
      1.0
    ]
  ],
  "aspect_ratio": 1.5,
  "convention": "Blender"
}