{
  "width": 100,
  "height": 100,
  "fx": 100,
  "fy": 100,
  "cx": 50,
  "cy": 50,
  "T": [
    [
      0.7071067811865475,
      0.0,
      -0.7071067811865475,
      0.0
    ],
    [
      0.0,
      1.0,
      0.0,
      0.0
    ],
    [
      0.7071067811865476,
      0.0,
      0.7071067811865476,
      -1.4142135623730951
    ],
    [
      0.0,
      0.0,
      0.0,
      1.0
    ]
  ],
  "convention": "OpenGL"
}